buyer_id,user_name
21,Richard Martinez
22,Clifford Quinn
23,Nicole Weeks
24,Sherry Lee
25,Jack Hall
26,Joann Patterson
27,Anthony Frey
28,Jerry Hunt
29,Rebecca Powell MD
30,Kari Hunt
31,Deborah Hickman
32,Kathryn Rhodes
33,Tyler Gonzales
34,Kimberly Evans
35,Margaret West
36,Andrea Martin
37,John Edwards
38,Mary Curry
39,Tyler Jordan
40,Joseph Ramos
41,Stephen Hansen
42,Jonathan Gordon
43,Lori Silva
44,Laura Lara
45,Megan Carlson
46,Eric Hale
47,Susan Herrera
48,Hannah Taylor
49,Michael Simpson
50,James Jones
51,Lauren Moore
52,Amy Smith
53,Denise Evans
54,Daniel Kent
55,Laura Garrison
56,Tracy Rodriguez
57,Frances Singh
58,Bryan Sawyer
59,Stanley Thomas
60,Mark Lucas
61,Joe Harris
62,Andrew Sanchez
63,Cheryl Harris
64,Mr. Eugene Sanders
65,Jason Curtis
66,Angela White
67,Karen Reynolds
68,Vincent Jackson
69,Timothy Bartlett
70,Eric Cooper
71,Ashley Cabrera
72,Jessica Smith
73,Matthew Ayala
74,Zachary Diaz
75,Shane Pace
76,Michael Kim
77,Derek Perry
78,Charles Anderson
79,William Miller II
80,Michael Monroe
81,Caitlin Quinn
82,Tracey Jones
83,Sean Hughes
84,Alison Tran
85,Samantha Meyer
86,Kimberly Brown
87,John Wolfe
88,Spencer Ramsey
89,Mallory Gomez
90,Paula Yu
91,Amy Molina
92,Christopher Rivera
93,Valerie Martin
94,James Weiss
95,Timothy Ibarra
96,James Sandoval
97,Kayla Williams
98,Larry Ritter
99,Andrew Andrews
100,Deborah Schmidt
