user_id,user_name,email,user_pw,user_role
1,Dawn Mckenzie,mark50@example.net,!o7Y5%hmj_,SELLER
2,Daniel Medina,brett47@example.com,b^16zqwxtQ,SELLER
3,Elizabeth Harrell,alan58@example.com,(3Ceo(8g9f,SELLER
4,Jessica Short,katelyn04@example.org,6#1@I36a(!,SELLER
5,Matthew Edwards,scottmueller@example.net,(lAiBVIg2u,SELLER
6,William Nguyen,johnsonheather@example.com,yI9H$Awkd$,SELLER
7,Patricia Delacruz DDS,aunderwood@example.org,(0Zim@*1Uj,SELLER
8,Lauren Powell,rodriguezryan@example.com,rOqNX5rh^8,SELLER
9,Troy Lopez,olsonleslie@example.org,+&F7IJs@E@,SELLER
10,Andrea Vargas,pgomez@example.com,#t0_o9Wi^4,SELLER
11,Anthony White,vlyons@example.net,N%2QIm_b@D,SELLER
12,Aaron Neal,srichardson@example.net,+2Iy9XSnk8,SELLER
13,Andrea Davis,owolf@example.org,fZXSbeVh!3,SELLER
14,Kathleen Ray,taylortodd@example.net,j515pPzmq&,SELLER
15,Rachel Weeks DVM,christine02@example.net,HA+3B6wdRs,SELLER
16,Christine Bryan,stonekimberly@example.org,R0(KP*F5)b,SELLER
17,Katherine Allen,smithaaron@example.com,^9Bbl@Ky2*,SELLER
18,Brian Campbell,michellegomez@example.net,)tGm62zB$0,SELLER
19,Caroline Yang,daniel10@example.org,_0ZfkHZshS,SELLER
20,Stacie Anderson,vhenry@example.net,_@*8tHyt2u,SELLER
21,Richard Martinez,nicholas62@example.org,#724DXOu91,BUYER
22,Clifford Quinn,angelcarpenter@example.net,&I51Ii_UOI,BUYER
23,Nicole Weeks,dsutton@example.org,$3+De$CH&^,BUYER
24,Sherry Lee,jamesmeyer@example.net,$!jl1XYz9z,BUYER
25,Jack Hall,larry89@example.net,c(8@6ZKhow,BUYER
26,Joann Patterson,ldavis@example.org,yAY6dBvtS+,BUYER
27,Anthony Frey,schroederreginald@example.com,$kfAFDuIq6,BUYER
28,Jerry Hunt,mia14@example.net,*cX3Kg9yEd,BUYER
29,Rebecca Powell MD,jeremyjordan@example.com,m7yZR5Lh!u,BUYER
30,Kari Hunt,ashley28@example.com,DmIfl$sx#0,BUYER
31,Deborah Hickman,uhaynes@example.org,Qn)DSvyY+4,BUYER
32,Kathryn Rhodes,sarah21@example.com,P!8DeZzsam,BUYER
33,Tyler Gonzales,adam04@example.net,IT1QUlnRS^,BUYER
34,Kimberly Evans,wschmidt@example.com,j@8L7Thg*K,BUYER
35,Margaret West,erikahernandez@example.net,1!gXBmok#2,BUYER
36,Andrea Martin,vwilcox@example.org,*0Vs9Jj)&5,BUYER
37,John Edwards,keithking@example.com,B38Huk!e#h,BUYER
38,Mary Curry,jennifer30@example.net,ux2wS3GXk!,BUYER
39,Tyler Jordan,crawfordanthony@example.net,4Z89Y^zu+J,BUYER
40,Joseph Ramos,christina23@example.org,OsU4JKpdw!,BUYER
41,Stephen Hansen,schwartztyler@example.net,Apt%6OqtM&,BUYER
42,Jonathan Gordon,bpacheco@example.org,$D5QV(DsOn,BUYER
43,Lori Silva,jimenezcollin@example.net,!5X9TD#d04,BUYER
44,Laura Lara,rodgersjoshua@example.net,v4YrcTAu(C,BUYER
45,Megan Carlson,anthonyvazquez@example.org,&ua&3V+g!U,BUYER
46,Eric Hale,rachelreynolds@example.org,pO1NlnMl^i,BUYER
47,Susan Herrera,emedina@example.com,!96v^O&j62,BUYER
48,Hannah Taylor,kenneth63@example.net,f%gVBwwC^1,BUYER
49,Michael Simpson,xbrooks@example.org,87^TmsQI(X,BUYER
50,James Jones,bakerlisa@example.net,B4IA@9rn+O,BUYER
51,Lauren Moore,sharon65@example.net,hY@P5J(gRp,BUYER
52,Amy Smith,donnamorgan@example.com,z$w6I9Ntmm,BUYER
53,Denise Evans,millerlaura@example.org,pdY09sJb+i,BUYER
54,Daniel Kent,ian06@example.org,@h3V)wrDa$,BUYER
55,Laura Garrison,lrichardson@example.net,G2)NGFBc&7,BUYER
56,Tracy Rodriguez,mark64@example.org,_8Uu6@ut2(,BUYER
57,Frances Singh,randybutler@example.com,A*4GcNmIoF,BUYER
58,Bryan Sawyer,acarlson@example.net,K*oB6oAat_,BUYER
59,Stanley Thomas,mallorytaylor@example.net,6#WWMrnm&7,BUYER
60,Mark Lucas,john25@example.net,p2lN4Qal*@,BUYER
61,Joe Harris,adamtran@example.com,b%8Pr^ya0y,BUYER
62,Andrew Sanchez,catherineharris@example.com,QsU7NXRm)S,BUYER
63,Cheryl Harris,adamsheather@example.org,7#aO$4z0AJ,BUYER
64,Mr. Eugene Sanders,hclark@example.net,%6InTDko(5,BUYER
65,Jason Curtis,bethgoodwin@example.com,N2aK6MQta#,BUYER
66,Angela White,jamesatkinson@example.org,$7^9En(fVR,BUYER
67,Karen Reynolds,tiffanylogan@example.com,A04BIuD+#y,BUYER
68,Vincent Jackson,vasqueznathan@example.net,c%Nv1xQv!0,BUYER
69,Timothy Bartlett,amy01@example.org,#RYrOTsz76,BUYER
70,Eric Cooper,tiffany98@example.net,r8wPM@gc%C,BUYER
71,Ashley Cabrera,vponce@example.org,8#OI3V)i1q,BUYER
72,Jessica Smith,hward@example.com,#tEemPJj0M,BUYER
73,Matthew Ayala,andrewnavarro@example.net,l_t33vVnvK,BUYER
74,Zachary Diaz,susanroberts@example.org,)cN1wQipc5,BUYER
75,Shane Pace,reiddanielle@example.net,aji9X1C)W@,BUYER
76,Michael Kim,debragonzales@example.net,DP%7&UXrsB,BUYER
77,Derek Perry,lucasdiane@example.org,$%9y*EYo1*,BUYER
78,Charles Anderson,jenniferhess@example.net,5^^t7wS_Mb,BUYER
79,William Miller II,pgill@example.org,M2(TvBje#Y,BUYER
80,Michael Monroe,jonrodriguez@example.net,%%v0FRNft!,BUYER
81,Caitlin Quinn,milesthomas@example.net,e&8+MmPsql,BUYER
82,Tracey Jones,umolina@example.com,_e7MQZa$%#,BUYER
83,Sean Hughes,tsanchez@example.com,p*75AgrqMD,BUYER
84,Alison Tran,johnsonjohnny@example.net,GuMq*eqE!6,BUYER
85,Samantha Meyer,timothylin@example.org,m&uUF$m)&5,BUYER
86,Kimberly Brown,reynoldsjamie@example.net,h7&G*E!S%i,BUYER
87,John Wolfe,rhonda55@example.net,i*1GS1ylC2,BUYER
88,Spencer Ramsey,znovak@example.com,$rsRf8@*I9,BUYER
89,Mallory Gomez,cboyer@example.com,*sED8AJWN0,BUYER
90,Paula Yu,robertsanthony@example.net,doSwvJco*9,BUYER
91,Amy Molina,mary22@example.com,e(E0GgUu*j,BUYER
92,Christopher Rivera,stantonjoel@example.net,&Ek$%aPoS9,BUYER
93,Valerie Martin,courtneyhernandez@example.org,^HT@hRv794,BUYER
94,James Weiss,iclark@example.net,%0nEBY1eiT,BUYER
95,Timothy Ibarra,mooreelizabeth@example.net,*_8Q!LbUro,BUYER
96,James Sandoval,xpearson@example.org,(%A!wxNx$4,BUYER
97,Kayla Williams,jeffrey89@example.com,Ax9WdQp4#L,BUYER
98,Larry Ritter,palmersherri@example.com,(9rWqigJV7,BUYER
99,Andrew Andrews,craigwhitaker@example.net,&7GUdYvG^7,BUYER
100,Deborah Schmidt,julie73@example.com,N(Q6CBZcL$,BUYER
