seller_id,user_name
1,Jennifer Figueroa
2,Stacey Bryant
3,Christina Serrano
4,Brandon Garcia
5,Daniel Williams
6,April Rodriguez
7,Carla Molina
8,Lisa Baker
9,Suzanne Sheppard
10,Timothy Edwards
11,Brian Taylor
12,John Callahan
13,Darren Tran
14,Alex Wilson
15,Billy Hernandez
16,Andrew Anderson
17,Stephanie Smith
18,Cynthia Graham
19,Micheal Wilson
20,Andrea Vargas
21,Taylor Hubbard
22,David Gilmore
23,Sheena Stewart
24,Daniel Moore
25,Jill Porter
26,Nicole Powers
27,Helen Marshall
28,Robert Turner
29,Joseph Zimmerman
30,Denise Anderson
31,Jack Rodgers
32,Christian Miller
33,Jeffrey White
34,Aaron Shannon
35,Jeremy Garza
36,Patricia Martin
37,Diana Garrett
38,David Perkins
39,Rachel Rhodes
40,Brenda Stewart
41,Amy Huber
42,Ricky Green
43,Antonio Jones
44,Mary George
45,Kristina Ford
46,Mary Haney
47,Francisco Conley
48,Charlene Lee
49,Linda Sanchez
50,Thomas Olson
51,Jason Gomez
52,Jorge Garcia
53,Cynthia Rogers
54,Leslie Villarreal MD
55,Amber Berry
56,Joseph Garcia
57,Alison Black
58,Marcus Gregory
59,Amanda Watson
60,Colleen Ortega
61,Stacy Strickland
62,Bobby Chase
63,Olivia Davis
64,Jon Cowan
65,Pamela Murphy
66,Arthur Mccullough
67,Yolanda Miller
68,Michael Salazar
69,Emily Hernandez
70,Samantha Hines
71,Patricia Hunter
72,Michael Oneal
73,Jason Garza
74,Andrew Pearson
75,Diane Wood
76,Brandon Brooks
77,Cody Cherry
78,Kathy Ferguson
79,Justin Thompson
80,Kerri Gibson
81,Jack Stephens
82,Calvin Higgins
83,Mr. Paul Sparks
84,Steven Jordan
85,Rebecca Ward
86,Cynthia Stewart
87,Gary Cook
88,Ross Edwards
89,Jill Fox
90,Mrs. Amy Meyer PhD
91,Corey Schroeder
92,Vanessa Knight
93,Ms. Amy Smith PhD
94,Patrick Jackson
95,Paul York
96,Kevin Hooper
97,Tracy Schneider
98,Christopher Delacruz
99,Angela Thomas
100,Tammie Morgan
